Date,Open,High,Low,Close,Volume,Symbol
2020-10-29,20.67,22.190001,20.5,21.700001,21354100,LESL
2020-10-30,21.0,21.98,20.049999,21.969999,2271900,LESL
2020-11-02,21.959999,22.049999,21.0,21.389999,1220400,LESL
2020-11-03,21.299999,23.639999,21.299999,22.35,1792500,LESL
2020-11-04,22.58,24.98,22.35,24.200001,3632400,LESL
2020-11-05,24.42,25.84,24.18,24.559999,974200,LESL
2020-11-06,24.299999,25.785,24.190001,24.860001,720100,LESL
2020-11-09,24.889999,24.889999,21.41,21.74,1235100,LESL
2020-11-10,21.700001,22.540001,21.459999,21.73,837000,LESL
2020-11-11,21.809999,23.629999,21.809999,22.57,613200,LESL
2020-11-12,22.209999,22.469999,21.610001,21.98,937000,LESL
2020-11-13,22.09,22.35,21.379999,21.780001,412800,LESL
2020-11-16,21.950001,22.445,21.5,21.690001,281800,LESL
2020-11-17,21.58,22.200001,21.379999,21.5,564400,LESL
2020-11-18,21.49,22.139999,21.07,21.5,1032100,LESL
2020-11-19,21.42,22.305,21.360001,21.91,1200900,LESL
2020-11-20,21.76,22.33,21.559999,22.0,411200,LESL
2020-11-23,22.1,22.1,20.08,20.52,1426700,LESL
2020-11-24,20.32,20.85,19.15,19.74,1451300,LESL
2020-11-25,19.84,20.1,19.629999,19.99,1690900,LESL
2020-11-27,20.040001,20.209999,19.545,20.0,494100,LESL
2020-11-30,20.25,20.799999,19.73,20.690001,955200,LESL
2020-12-01,20.65,21.200001,20.24,20.879999,1124500,LESL
2020-12-02,20.809999,21.25,20.32,21.0,661800,LESL
2020-12-03,20.98,20.98,20.4,20.639999,1195700,LESL
2020-12-04,20.75,21.200001,19.75,19.84,1105400,LESL
2020-12-07,19.92,20.4,19.888,20.15,848200,LESL
2020-12-08,20.049999,20.440001,20.014999,20.1,425400,LESL
2020-12-09,20.129999,20.5,19.809999,20.389999,413300,LESL
2020-12-10,20.299999,20.85,20.1,20.33,386400,LESL
2020-12-11,20.1,20.76,20.030001,20.309999,541600,LESL
2020-12-14,20.51,20.610001,19.91,20.450001,806800,LESL
2020-12-15,20.59,21.58,20.077999,20.889999,708400,LESL
2020-12-16,21.33,22.66,20.940001,22.549999,879200,LESL
2020-12-17,22.77,24.25,22.690001,23.65,1194200,LESL
2020-12-18,23.469999,24.280001,22.549999,23.0,5655000,LESL
2020-12-21,24.799999,24.85,22.48,23.549999,841100,LESL
2020-12-22,23.6,25.93,23.08,25.85,1172400,LESL
2020-12-23,26.200001,28.200001,25.889999,28.17,960400,LESL
2020-12-24,27.91,28.950001,26.120001,27.48,693400,LESL
2020-12-28,27.690001,27.764999,25.860001,26.85,406100,LESL
2020-12-29,26.83,28.295,26.815001,27.93,782600,LESL
2020-12-30,27.940001,28.07,27.424999,27.459999,478100,LESL
2020-12-31,27.42,28.110001,26.860001,27.75,536800,LESL
2021-01-04,27.73,27.73,26.5,26.65,1365800,LESL
2021-01-05,25.48,26.940001,25.0,26.280001,602600,LESL
2021-01-06,26.049999,26.940001,25.280001,25.42,653400,LESL
2021-01-07,25.629999,26.02,25.01,25.610001,540300,LESL
2021-01-08,25.98,26.51,25.280001,26.299999,371300,LESL
2021-01-11,26.17,28.219999,25.745001,27.35,1264600,LESL
2021-01-12,27.25,27.549999,26.41,27.440001,471900,LESL
2021-01-13,27.559999,27.93,26.892,27.4,343100,LESL
2021-01-14,27.540001,28.57,27.360001,27.6,1018600,LESL
2021-01-15,27.879999,28.23,27.059999,27.83,413600,LESL
2021-01-19,28.129999,29.813999,27.895,29.469999,1351600,LESL
2021-01-20,29.43,29.73,27.969999,28.129999,970100,LESL
2021-01-21,28.219999,29.65,27.465,28.549999,456700,LESL
2021-01-22,28.59,28.809999,27.719999,28.280001,356900,LESL
2021-01-25,28.690001,31.35,28.690001,29.32,686300,LESL
2021-01-26,29.32,30.514999,28.535,30.379999,583000,LESL
2021-01-27,29.84,32.84,29.004999,31.34,1575400,LESL
2021-01-28,31.5,32.07,28.18,29.879999,800800,LESL
2021-01-29,29.84,30.309999,27.9,28.6,495200,LESL
2021-02-01,28.6,28.629999,27.0,28.41,760700,LESL
2021-02-02,28.4,29.690001,28.1,29.370001,839300,LESL
2021-02-03,29.92,30.280001,29.063999,29.469999,713500,LESL
2021-02-04,31.5,31.5,28.209999,28.67,873600,LESL
2021-02-05,29.24,30.299999,27.950001,28.049999,769700,LESL
2021-02-08,28.08,28.67,27.040001,27.74,616600,LESL
2021-02-09,26.6,27.4,25.49,26.959999,1331200,LESL
2021-02-10,26.75,26.93,25.75,26.58,1549100,LESL
2021-02-11,26.0,26.18,24.5,25.92,12470600,LESL
2021-02-12,25.4,26.65,25.190001,26.42,6385900,LESL
2021-02-16,26.719999,26.950001,24.200001,24.469999,4316500,LESL
2021-02-17,24.379999,24.68,23.32,24.040001,1929600,LESL
2021-02-18,23.860001,24.0,22.780001,23.049999,3065800,LESL
2021-02-19,23.299999,24.969999,23.16,24.690001,3458400,LESL
2021-02-22,24.950001,26.030001,24.27,24.540001,3036200,LESL
2021-02-23,24.209999,24.75,22.559999,24.0,1412700,LESL
2021-02-24,23.85,24.440001,23.450001,23.889999,997400,LESL
2021-02-25,23.99,24.184999,22.51,23.280001,1617300,LESL
2021-02-26,23.280001,24.57,22.459999,24.280001,2464400,LESL
2021-03-01,24.43,25.200001,23.549999,24.290001,1379000,LESL
2021-03-02,24.209999,24.530001,23.780001,24.0,770000,LESL
2021-03-03,24.030001,24.030001,22.139999,22.27,910500,LESL
2021-03-04,22.299999,22.49,20.83,20.93,2202900,LESL
2021-03-05,20.950001,22.58,20.42,22.51,1477100,LESL
2021-03-08,21.950001,22.549999,21.690001,21.959999,1193200,LESL
2021-03-09,22.83,23.48,22.110001,23.34,683600,LESL
2021-03-10,23.639999,24.25,23.25,24.110001,718800,LESL
2021-03-11,24.32,24.709999,23.9,24.26,929900,LESL
2021-03-12,23.889999,24.120001,23.1,23.73,1648300,LESL
2021-03-15,23.77,23.940001,22.940001,23.65,939800,LESL
2021-03-16,23.73,23.99,22.761,22.93,1114800,LESL
2021-03-17,22.950001,23.5,22.24,23.049999,1320300,LESL
2021-03-18,22.639999,23.4,22.49,22.91,1819000,LESL
2021-03-19,23.43,24.27,22.790001,23.59,2649800,LESL
2021-03-22,23.791,23.950001,23.0,23.780001,1721300,LESL
2021-03-23,23.83,24.950001,23.32,23.5,2235500,LESL
2021-03-24,23.49,23.844999,22.940001,22.969999,1464500,LESL
2021-03-25,22.790001,23.48,22.219999,22.719999,1274300,LESL
2021-03-26,22.67,23.09,20.875,21.870001,1476500,LESL
2021-03-29,21.870001,22.075001,21.209999,21.59,954100,LESL
2021-03-30,21.42,23.690001,21.32,23.58,1121900,LESL
2021-03-31,23.66,24.705,23.34,24.49,1072400,LESL
2021-04-01,24.690001,25.620001,24.24,24.870001,1647500,LESL
2021-04-05,25.01,26.0,24.290001,25.709999,1146400,LESL
2021-04-06,25.6,26.379999,25.045,25.559999,1788200,LESL
2021-04-07,25.43,25.450001,24.17,24.440001,891800,LESL
2021-04-08,24.690001,25.120001,24.469999,24.780001,404500,LESL
2021-04-09,24.639999,25.02,24.43,24.950001,1056900,LESL
2021-04-12,24.959999,25.77,23.74,25.110001,1189900,LESL
2021-04-13,25.17,25.77,24.58,25.690001,445900,LESL
2021-04-14,25.73,26.299999,25.51,26.08,684600,LESL
2021-04-15,25.959999,26.700001,25.65,26.059999,1190000,LESL
2021-04-16,26.059999,27.190001,25.719999,26.370001,1325800,LESL
2021-04-19,26.23,26.370001,25.190001,25.93,697900,LESL
2021-04-20,26.01,26.6,25.225,25.459999,1022700,LESL
2021-04-21,25.379999,25.98,25.27,25.68,1082700,LESL
2021-04-22,26.549999,27.889999,26.219999,26.84,2435300,LESL
2021-04-23,26.860001,27.450001,26.299999,27.309999,687900,LESL
2021-04-26,27.33,28.34,27.190001,27.98,715300,LESL
2021-04-27,27.969999,30.85,27.67,29.15,6781000,LESL
2021-04-28,29.75,29.809,28.719999,29.18,1722700,LESL
2021-04-29,29.57,30.209999,28.809999,29.75,1217400,LESL
2021-04-30,29.379999,29.700001,28.33,28.42,916800,LESL
2021-05-03,28.76,29.82,28.559999,29.52,1670200,LESL
2021-05-04,29.49,29.605,28.469999,29.02,1022000,LESL
2021-05-05,29.73,30.299999,28.92,29.969999,2420100,LESL
2021-05-06,29.219999,29.219999,25.58,27.25,3997500,LESL
2021-05-07,26.9,28.155001,26.9,28.0,1367200,LESL
2021-05-10,28.08,29.669001,27.629999,27.690001,2763400,LESL
2021-05-11,26.190001,27.870001,26.02,26.959999,1489100,LESL
2021-05-12,26.74,26.795,25.41,26.110001,1490500,LESL
2021-05-13,26.16,27.440001,26.16,26.959999,1335300,LESL
2021-05-14,27.07,27.799999,26.85,27.43,861500,LESL
2021-05-17,27.25,27.629999,26.58,26.870001,807200,LESL
2021-05-18,26.940001,27.77,26.940001,27.459999,712300,LESL
2021-05-19,27.049999,27.540001,26.4,27.280001,993700,LESL
2021-05-20,26.98,28.41,26.98,28.200001,1319700,LESL
2021-05-21,28.42,28.65,27.809999,28.219999,779300,LESL
2021-05-24,28.34,28.82,28.049999,28.33,602900,LESL
2021-05-25,28.43,29.23,28.280001,29.040001,1082600,LESL
2021-05-26,29.200001,29.93,28.68,29.51,950000,LESL
2021-05-27,29.35,29.6,28.775,28.99,1855200,LESL
2021-05-28,28.969999,29.790001,28.959999,29.16,721800,LESL
2021-06-01,29.26,29.440001,28.549999,29.1,868900,LESL
2021-06-02,29.01,29.639999,28.219999,29.26,1456000,LESL
2021-06-03,29.52,31.049999,28.85,30.110001,3156500,LESL
2021-06-04,30.5,30.6,29.238001,29.76,1388100,LESL
2021-06-07,30.01,31.549999,29.885,31.25,2364800,LESL
2021-06-08,29.49,30.049999,28.799999,30.02,3127700,LESL
2021-06-09,29.870001,30.0,27.620001,27.74,4473600,LESL
2021-06-10,26.91,28.57,26.778999,27.17,16211300,LESL
2021-06-11,27.200001,27.540001,26.57,27.08,4113200,LESL
2021-06-14,27.040001,27.57,26.66,27.26,3448500,LESL
2021-06-15,27.32,27.58,26.790001,27.08,3807300,LESL
2021-06-16,27.5,28.049999,26.1,26.41,5310700,LESL
2021-06-17,26.360001,26.540001,25.02,25.120001,4071000,LESL
2021-06-18,25.004999,25.700001,24.915001,25.57,3118400,LESL
2021-06-21,25.73,26.530001,25.370001,26.110001,2097600,LESL
2021-06-22,25.9,27.08,25.809999,26.889999,2432100,LESL
2021-06-23,26.870001,27.34,26.790001,27.049999,980700,LESL
2021-06-24,27.389999,28.370001,27.200001,27.66,3209200,LESL
2021-06-25,28.02,28.02,27.245001,27.620001,4610900,LESL
2021-06-28,27.66,27.66,26.889999,27.1,1711800,LESL
2021-06-29,27.24,27.42,27.0,27.32,855400,LESL
2021-06-30,27.290001,27.76,27.120001,27.49,1209400,LESL
2021-07-01,27.440001,27.709999,26.961,27.67,1427100,LESL
2021-07-02,27.66,27.67,27.040001,27.26,1936000,LESL
2021-07-06,27.25,27.26,25.959999,26.129999,1716500,LESL
2021-07-07,25.860001,26.17,25.08,25.23,2062100,LESL
2021-07-08,24.969999,26.07,24.610001,25.52,3346700,LESL
2021-07-09,25.629999,27.18,25.629999,26.9,1773900,LESL
2021-07-12,26.690001,26.790001,26.02,26.25,810400,LESL
2021-07-13,26.25,26.290001,25.32,25.43,665800,LESL
2021-07-14,25.530001,25.65,25.110001,25.23,524900,LESL
2021-07-15,25.219999,25.450001,24.790001,25.129999,1014500,LESL
2021-07-16,25.610001,25.83,24.790001,24.799999,1193800,LESL
2021-07-19,24.5,24.549999,23.834999,24.540001,1652700,LESL
2021-07-20,24.51,25.42,24.237,25.33,1367700,LESL
2021-07-21,25.693001,26.209999,25.135,25.85,1566400,LESL
2021-07-22,25.84,25.870001,24.73,24.98,1242500,LESL
2021-07-23,25.059999,25.139999,24.177999,24.65,999700,LESL
2021-07-26,24.780001,25.41,24.57,25.389999,761200,LESL
2021-07-27,25.190001,25.190001,24.190001,24.73,941400,LESL
2021-07-28,24.92,25.065001,24.540001,24.74,636300,LESL
2021-07-29,24.9,25.23,24.52,24.58,995700,LESL
2021-07-30,24.35,24.690001,24.0,24.35,2507500,LESL
2021-08-02,24.4,24.83,24.135,24.33,782700,LESL
2021-08-03,24.360001,24.780001,24.18,24.280001,1037300,LESL
2021-08-04,24.24,24.370001,23.870001,24.35,1257900,LESL
2021-08-05,24.08,24.165001,22.337,22.65,4681800,LESL
2021-08-06,23.360001,23.870001,22.91,23.5,2570300,LESL
2021-08-09,23.42,25.09,23.385,25.049999,2115000,LESL
2021-08-10,25.18,25.218,24.48,24.530001,1521300,LESL
2021-08-11,24.469999,25.219999,24.26,24.91,687600,LESL
2021-08-12,24.85,25.059999,24.18,24.33,736600,LESL
2021-08-13,24.450001,24.83,23.98,24.139999,777300,LESL
2021-08-16,23.98,24.51,23.690001,24.139999,628600,LESL
2021-08-17,23.889999,23.889999,22.465,22.82,2716800,LESL
2021-08-18,22.870001,22.99,22.01,22.27,1655600,LESL
2021-08-19,22.059999,22.462,21.309999,21.6,1951100,LESL
2021-08-20,22.299999,22.959999,22.08,22.59,1542400,LESL
2021-08-23,22.58,22.83,22.23,22.709999,858600,LESL
2021-08-24,22.860001,24.014999,22.74,23.549999,2647600,LESL
2021-08-25,23.559999,23.860001,22.610001,23.08,1350400,LESL
2021-08-26,23.188999,23.9,22.9,23.700001,1157700,LESL
2021-08-27,23.58,24.51,23.549,24.450001,1039300,LESL
2021-08-30,24.360001,24.5,23.73,23.9,2035200,LESL
2021-08-31,23.940001,24.18,23.51,24.120001,1581300,LESL
2021-09-01,24.09,24.42,24.0,24.35,641000,LESL
2021-09-02,24.389999,24.475,24.1,24.360001,838200,LESL
2021-09-03,24.299999,24.66,24.200001,24.51,818000,LESL
2021-09-07,24.610001,24.780001,24.280001,24.33,1165400,LESL
2021-09-08,24.16,24.264999,23.83,24.25,1443000,LESL
2021-09-09,24.59,25.23,24.4,25.02,2178400,LESL
2021-09-10,25.01,25.73,24.85,24.9,1827700,LESL
2021-09-13,23.98,24.0,22.080999,22.32,3434600,LESL
2021-09-14,23.15,23.17,21.790001,22.379999,2401000,LESL
2021-09-15,22.09,24.09,21.9,22.610001,12833400,LESL
2021-09-16,22.639999,23.5,22.5,23.110001,2855100,LESL
2021-09-17,23.23,23.59,22.43,22.540001,3464100,LESL
2021-09-20,22.040001,22.77,21.610001,22.24,3523100,LESL
2021-09-21,22.360001,22.620001,21.76,21.879999,3533600,LESL
2021-09-22,21.799999,22.35,21.51,21.76,1412600,LESL
2021-09-23,21.76,21.98,21.465,21.6,2587400,LESL
2021-09-24,21.5,22.290001,21.5,21.950001,1617800,LESL
2021-09-27,21.860001,22.02,21.59,21.65,1552300,LESL
2021-09-28,21.51,21.639999,20.565001,20.59,2862200,LESL
2021-09-29,20.66,20.780001,20.094999,20.18,1405000,LESL
2021-09-30,20.15,20.75,19.809999,20.540001,4962000,LESL
2021-10-01,20.49,20.672001,19.879999,20.59,2309200,LESL
2021-10-04,20.469999,20.559999,19.934999,20.389999,1484000,LESL
2021-10-05,20.27,20.615,20.15,20.559999,1590200,LESL
2021-10-06,20.41,20.764999,20.280001,20.43,1448100,LESL
2021-10-07,20.530001,20.76,20.23,20.309999,794600,LESL
2021-10-08,20.0,20.27,19.84,20.0,1159900,LESL
2021-10-11,20.08,20.389999,20.02,20.24,930300,LESL
2021-10-12,20.23,20.4,19.969999,20.25,1125800,LESL
2021-10-13,20.33,20.860001,20.201,20.719999,1152900,LESL
2021-10-14,20.870001,21.17,20.68,20.889999,1151800,LESL
2021-10-15,21.02,21.139999,20.620001,20.66,775000,LESL
2021-10-18,20.48,20.9,20.450001,20.6,1307600,LESL
2021-10-19,20.799999,21.08,20.620001,20.790001,794100,LESL
2021-10-20,20.809999,20.855,20.34,20.370001,709500,LESL
2021-10-21,20.43,22.25,20.299999,22.23,2221800,LESL
2021-10-22,22.08,22.6,21.709999,21.799999,7348100,LESL
2021-10-25,22.0,22.190001,21.77,21.969999,1137000,LESL
2021-10-26,21.98,22.1,20.92,21.01,1169300,LESL
2021-10-27,21.1,21.17,20.030001,20.07,1815400,LESL
2021-10-28,20.15,20.879999,20.146,20.549999,1945000,LESL
2021-10-29,20.540001,20.82,20.379999,20.68,1465800,LESL
2021-11-01,20.77,21.434999,20.77,21.030001,1857600,LESL
2021-11-02,21.030001,21.264999,20.645,21.24,2280200,LESL
2021-11-03,21.32,22.18,21.290001,22.15,2023800,LESL
2021-11-04,22.299999,22.950001,21.75,22.620001,1864500,LESL
2021-11-05,22.709999,23.41,22.57,23.1,2823100,LESL
2021-11-08,23.1,23.379999,22.6,23.08,3145900,LESL
2021-11-09,23.01,23.549999,22.59,23.450001,1053200,LESL
2021-11-10,23.01,23.49,22.709999,23.360001,1475600,LESL
2021-11-11,23.42,23.93,23.32,23.9,1161000,LESL
2021-11-12,24.030001,24.33,23.41,23.67,2028600,LESL
2021-11-15,23.67,23.740999,21.379999,21.440001,1966800,LESL
2021-11-16,21.25,22.33,21.1,22.219999,1048600,LESL
2021-11-17,22.190001,22.27,21.65,21.75,749900,LESL
2021-11-18,21.959999,21.959999,21.1,21.49,1019100,LESL
2021-11-19,21.299999,21.52,20.559999,20.67,1147100,LESL
2021-11-22,20.780001,21.334999,20.459999,21.139999,1399600,LESL
2021-11-23,20.99,21.059999,20.389999,20.799999,1021800,LESL
2021-11-24,20.49,20.969999,20.280001,20.719999,743400,LESL
2021-11-26,20.49,21.045,20.33,20.82,478600,LESL
2021-11-29,21.15,21.17,20.309999,20.33,2005600,LESL
2021-11-30,20.25,21.08,19.879999,20.959999,2168500,LESL
2021-12-01,21.01,21.41,20.16,20.18,2164100,LESL
2021-12-02,20.139999,20.809999,20.139999,20.450001,1519800,LESL
2021-12-03,20.43,20.625,19.799999,20.309999,1599900,LESL
2021-12-06,20.280001,21.540001,19.9,21.389999,1823200,LESL
2021-12-07,21.530001,22.51,21.469999,21.950001,1519000,LESL
2021-12-08,22.15,22.24,21.735001,21.99,1019000,LESL
2021-12-09,21.940001,22.5,20.99,21.110001,2025500,LESL
2021-12-10,22.5,23.105,21.040001,21.129999,6356800,LESL
2021-12-13,20.77,21.33,20.040001,20.6,2501600,LESL
2021-12-14,20.5,21.610001,20.450001,21.530001,2243300,LESL
2021-12-15,20.299999,21.540001,20.299999,21.18,10088300,LESL
2021-12-16,21.75,21.809999,21.055,21.5,4558500,LESL
2021-12-17,21.75,22.809999,21.559999,22.709999,4275000,LESL
2021-12-20,21.896,22.540001,21.76,22.5,1845100,LESL
2021-12-21,22.58,23.34,22.51,22.98,1842900,LESL
2021-12-22,22.98,23.142,22.690001,23.01,869900,LESL
2021-12-23,23.030001,23.705,22.805,23.389999,1075200,LESL
2021-12-27,23.66,23.870001,23.17,23.83,923900,LESL
2021-12-28,23.82,23.92,23.209999,23.280001,886400,LESL
2021-12-29,23.18,23.76,23.1,23.309999,1056000,LESL
2021-12-30,23.35,24.07,23.35,23.67,801500,LESL
2021-12-31,23.58,23.879999,23.459999,23.66,795600,LESL
2022-01-03,23.75,24.33,23.73,24.200001,1151000,LESL
2022-01-04,24.24,24.4,23.07,23.23,1191200,LESL
2022-01-05,23.25,23.25,22.15,22.190001,1567800,LESL
2022-01-06,22.049999,22.870001,21.92,22.549999,1601600,LESL
2022-01-07,22.6,22.85,21.85,22.290001,2322400,LESL
2022-01-10,22.299999,22.424999,21.091,21.85,2564200,LESL
2022-01-11,21.85,22.450001,21.549999,22.23,1384200,LESL
2022-01-12,22.285,22.790001,22.200001,22.35,1305000,LESL
2022-01-13,22.459999,22.75,21.940001,22.08,1370000,LESL
2022-01-14,21.82,22.209999,21.514,22.07,1615100,LESL
2022-01-18,21.73,21.98,21.42,21.6,1584000,LESL
2022-01-19,21.59,21.959999,20.955,21.059999,1549200,LESL
2022-01-20,21.32,22.07,20.67,20.77,2261100,LESL
2022-01-21,20.6,21.389999,20.450001,21.08,3217100,LESL
2022-01-24,20.43,21.889999,20.360001,21.860001,2569000,LESL
2022-01-25,21.66,21.99,20.639999,20.68,1237100,LESL
2022-01-26,20.719999,21.049999,19.67,19.77,1464800,LESL
2022-01-27,20.0,20.139999,19.18,19.35,1419800,LESL
2022-01-28,19.26,19.860001,18.73,19.82,1215400,LESL
2022-01-31,19.870001,20.91,19.865,20.83,1757000,LESL
2022-02-01,20.98,21.34,20.469999,21.280001,1661600,LESL
2022-02-02,21.200001,21.370001,20.85,21.25,2080700,LESL
2022-02-03,21.129999,21.32,19.950001,20.030001,2656700,LESL
2022-02-04,20.23,20.395,18.26,19.639999,5491600,LESL
2022-02-07,19.790001,19.952,19.32,19.530001,2844700,LESL
2022-02-08,19.41,19.889999,19.219999,19.83,2399800,LESL
2022-02-09,20.16,20.9,20.0,20.889999,1796500,LESL
2022-02-10,21.74,21.98,20.709999,20.85,2426400,LESL
2022-02-11,20.799999,21.129999,20.48,20.629999,1390600,LESL
2022-02-14,20.559999,21.030001,20.370001,20.51,1040700,LESL
2022-02-15,20.719999,21.41,20.67,21.360001,1081400,LESL
2022-02-16,21.18,21.84,21.07,21.610001,1248800,LESL
2022-02-17,21.379999,21.780001,21.15,21.27,1779300,LESL
2022-02-18,21.360001,21.91,20.549999,20.700001,1106100,LESL
2022-02-22,20.65,20.702,19.549999,19.700001,1513400,LESL
2022-02-23,19.75,20.09,18.84,18.93,1806300,LESL
2022-02-24,18.139999,20.23,18.139999,20.23,1937400,LESL
2022-02-25,20.299999,20.690001,19.620001,20.66,1406400,LESL
2022-02-28,20.440001,21.355,20.290001,21.309999,1711100,LESL
2022-03-01,21.26,21.66,20.93,20.98,1329400,LESL
2022-03-02,20.76,21.834999,20.620001,21.450001,1417300,LESL
2022-03-03,21.610001,21.82,20.610001,20.719999,1030600,LESL
2022-03-04,20.59,20.82,19.84,20.290001,829700,LESL
2022-03-07,20.4,20.57,19.709999,19.790001,1342500,LESL
2022-03-08,19.790001,20.76,19.41,20.280001,2105300,LESL
2022-03-09,20.6,21.370001,20.41,20.92,1985300,LESL
2022-03-10,20.700001,20.945,19.950001,20.68,1302800,LESL
2022-03-11,20.879999,20.945,19.67,19.67,1337700,LESL
2022-03-14,19.700001,19.719999,18.57,18.959999,2379800,LESL
2022-03-15,19.15,19.459999,18.610001,19.43,2468600,LESL
2022-03-16,19.620001,20.610001,19.48,20.5,1328500,LESL
2022-03-17,20.5,20.934999,19.780001,20.780001,1110100,LESL
2022-03-18,20.77,21.73,20.441999,21.5,2996500,LESL
2022-03-21,21.4,21.59,20.41,20.9,1409000,LESL
2022-03-22,20.969999,21.495001,20.93,21.190001,830500,LESL
2022-03-23,21.0,21.395,20.0,20.059999,1580600,LESL
2022-03-24,20.07,20.485001,19.1,19.48,3212700,LESL
2022-03-25,19.73,19.9,18.950001,19.030001,1644100,LESL
2022-03-28,18.969999,19.35,18.799999,19.33,2669000,LESL
2022-03-29,19.65,20.799999,19.65,20.67,1730200,LESL
2022-03-30,20.360001,20.690001,19.91,20.139999,1512600,LESL
2022-03-31,20.120001,20.17,19.190001,19.360001,2321400,LESL
2022-04-01,19.49,20.299999,19.469999,20.15,1636500,LESL
2022-04-04,21.26,21.280001,20.709999,20.790001,1751300,LESL
2022-04-05,20.790001,20.85,20.18,20.459999,1024500,LESL
2022-04-06,20.07,20.33,19.440001,20.280001,1734600,LESL
2022-04-07,20.290001,20.68,20.27,20.51,1091900,LESL
2022-04-08,20.52,21.01,20.245001,20.709999,2024300,LESL
2022-04-11,20.43,21.025,20.32,20.950001,2150900,LESL
2022-04-12,21.25,21.549999,20.629999,20.799999,1448100,LESL
2022-04-13,20.780001,21.41,20.615,21.4,915500,LESL
2022-04-14,21.469999,21.67,20.865,20.9,2910200,LESL
2022-04-18,20.950001,21.049999,20.02,20.120001,1241900,LESL
2022-04-19,20.09,21.030001,20.02,20.84,1862800,LESL
2022-04-20,20.950001,21.129999,20.405001,20.440001,1189200,LESL
2022-04-21,20.73,21.07,20.42,20.73,3095100,LESL
2022-04-22,20.67,20.67,19.860001,20.059999,1457000,LESL
2022-04-25,19.84,20.77,19.549999,20.76,1725500,LESL
2022-04-26,20.540001,20.635,19.860001,19.93,850100,LESL
2022-04-27,19.82,20.295,19.309999,19.450001,1453000,LESL
2022-04-28,19.57,20.309999,19.07,20.040001,1330700,LESL
2022-04-29,20.059999,20.059999,19.440001,19.6,1476200,LESL
2022-05-02,19.52,20.120001,19.25,19.83,1442700,LESL
2022-05-03,19.790001,20.040001,19.540001,19.9,1002100,LESL
2022-05-04,19.959999,20.370001,19.275,20.290001,1762100,LESL
2022-05-05,19.860001,20.48,19.08,19.309999,2493600,LESL
2022-05-06,18.07,20.08,18.07,19.639999,3857700,LESL
2022-05-09,19.26,19.73,18.35,19.040001,2592900,LESL
2022-05-10,19.27,19.459999,17.93,18.24,2162000,LESL
2022-05-11,18.139999,18.41,16.639999,16.73,1920500,LESL
2022-05-12,16.530001,17.76,16.4,17.74,2657000,LESL
2022-05-13,18.08,19.165001,18.030001,18.969999,1750900,LESL
2022-05-16,18.879999,19.09,18.34,18.42,1961100,LESL
2022-05-17,18.76,19.129999,18.379999,19.0,1329900,LESL
2022-05-18,18.549999,18.76,17.24,17.74,2492800,LESL
2022-05-19,17.790001,18.629999,17.700001,18.299999,2023300,LESL
2022-05-20,18.610001,18.639999,17.23,18.09,2462300,LESL
2022-05-23,18.24,18.875,17.92,18.620001,1409100,LESL
2022-05-24,18.35,18.41,17.545,17.9,1753900,LESL
2022-05-25,17.73,18.9,17.67,18.559999,1478600,LESL
2022-05-26,18.91,19.92,18.91,19.5,2096600,LESL
2022-05-27,19.780001,20.299999,19.48,19.790001,2183500,LESL
2022-05-31,19.76,19.77,18.549999,19.42,4048900,LESL
2022-06-01,19.57,19.860001,19.26,19.360001,2462200,LESL
2022-06-02,19.469999,20.02,19.469999,19.99,1344500,LESL
2022-06-03,19.84,19.99,19.475,19.57,1357700,LESL
2022-06-06,19.790001,19.865,19.26,19.700001,1561800,LESL
2022-06-07,19.24,19.415001,18.43,18.9,2542600,LESL
2022-06-08,18.73,19.040001,18.440001,18.91,2373100,LESL
2022-06-09,18.780001,18.889999,18.33,18.549999,2060300,LESL
2022-06-10,18.23,18.34,17.57,17.57,1634600,LESL
2022-06-13,16.969999,17.379999,16.1,16.190001,2904500,LESL
2022-06-14,16.33,16.52,15.93,16.049999,2919300,LESL
2022-06-15,16.25,16.450001,15.37,15.72,3367200,LESL
2022-06-16,15.23,15.365,13.74,14.34,4287600,LESL
2022-06-17,14.49,15.3,14.36,15.1,4106000,LESL
2022-06-21,15.22,15.52,14.74,14.82,2479300,LESL
2022-06-22,14.66,15.01,14.49,14.73,2028300,LESL
2022-06-23,14.23,15.33,14.23,15.19,1851900,LESL
2022-06-24,15.29,16.530001,14.98,16.23,3318700,LESL
2022-06-27,16.25,16.389999,15.82,16.200001,2205200,LESL
2022-06-28,16.25,16.51,15.74,15.95,1974000,LESL
2022-06-29,15.89,15.89,15.225,15.34,2115200,LESL
2022-06-30,15.05,15.4,14.72,15.18,2938200,LESL
2022-07-01,15.28,15.63,14.74,15.13,1699400,LESL
2022-07-05,14.84,15.94,14.75,15.88,1876300,LESL
2022-07-06,15.97,16.105,15.5,15.52,1469000,LESL
2022-07-07,15.68,16.059999,15.66,16.0,1586600,LESL
2022-07-08,15.98,16.43,15.6,16.059999,2220800,LESL
2022-07-11,16.02,16.23,15.7,15.89,1019500,LESL
2022-07-12,15.93,16.23,15.485,15.6,772000,LESL
2022-07-13,15.4,15.54,14.97,15.18,1966000,LESL
2022-07-14,15.01,15.09,14.46,14.6,1697900,LESL
2022-07-15,14.91,15.3,14.85,15.11,1280600,LESL
2022-07-18,15.23,15.52,14.96,14.99,1363100,LESL
2022-07-19,15.28,16.02,15.15,15.65,1841800,LESL
2022-07-20,15.74,16.68,15.74,16.389999,1979000,LESL
2022-07-21,16.370001,16.370001,15.24,15.74,2189900,LESL
2022-07-22,15.84,15.93,14.89,14.94,1863900,LESL
2022-07-25,14.96,15.45,14.695,15.01,2123000,LESL
2022-07-26,14.71,14.96,14.24,14.84,2035300,LESL
2022-07-27,15.1,15.38,14.73,15.36,1475700,LESL
2022-07-28,15.31,15.48,14.77,15.3,3921900,LESL
2022-07-29,15.3,15.34,14.68,15.16,2493600,LESL
2022-08-01,15.09,15.73,15.04,15.61,2478300,LESL
2022-08-02,15.54,15.72,15.36,15.44,1034200,LESL
2022-08-03,15.66,15.91,15.525,15.6,1309200,LESL
2022-08-04,15.67,15.88,15.38,15.61,2018400,LESL
2022-08-05,14.01,15.24,13.65,15.2,3413300,LESL
2022-08-08,14.93,16.299999,14.72,16.190001,3548300,LESL
2022-08-09,16.15,16.195,15.04,15.39,2447800,LESL
2022-08-10,15.75,16.290001,15.67,15.73,1249500,LESL
2022-08-11,15.99,16.16,15.49,15.56,1334600,LESL
2022-08-12,15.72,15.98,15.54,15.97,805200,LESL
2022-08-15,15.9,16.216999,15.73,16.15,1099000,LESL
2022-08-16,16.17,16.834999,16.08,16.42,1435200,LESL
2022-08-17,16.200001,16.465,16.01,16.35,950100,LESL
2022-08-18,16.200001,16.32,15.99,16.040001,911400,LESL
2022-08-19,15.9,16.02,15.455,15.8,1665400,LESL
2022-08-22,15.46,15.661,15.27,15.4,1386400,LESL
2022-08-23,15.73,15.87,14.605,14.65,1349400,LESL
2022-08-24,14.62,14.87,14.5,14.56,900000,LESL
2022-08-25,14.56,15.0,14.48,14.99,898800,LESL
2022-08-26,15.07,15.28,14.47,14.58,1153500,LESL
2022-08-29,14.44,14.905,14.32,14.38,1593100,LESL
2022-08-30,14.57,14.72,14.23,14.31,1321700,LESL
2022-08-31,14.46,14.48,14.0,14.18,1712300,LESL
2022-09-01,14.01,14.34,13.83,14.26,1223400,LESL
2022-09-02,14.38,14.42,13.9,14.11,1176900,LESL
2022-09-06,14.25,14.42,13.54,14.1,2027600,LESL
2022-09-07,14.1,14.57,14.055,14.48,1013100,LESL
2022-09-08,14.35,14.62,14.145,14.59,1132400,LESL
2022-09-09,14.78,15.26,14.74,14.99,840000,LESL
2022-09-12,15.2,15.32,14.95,15.23,964800,LESL
2022-09-13,14.7,14.75,13.82,13.9,1856800,LESL
2022-09-14,14.1,14.1,13.6,13.78,1729000,LESL
2022-09-15,13.68,14.04,13.635,13.89,1809100,LESL
2022-09-16,13.74,14.015,13.466,13.88,2471500,LESL
2022-09-19,13.78,14.239,13.76,14.21,1274200,LESL
2022-09-20,13.88,13.96,13.44,13.53,1098800,LESL
2022-09-21,13.62,14.05,13.555,13.61,777100,LESL
2022-09-22,13.5,13.5,13.255,13.3,1294400,LESL
2022-09-23,13.06,13.48,13.01,13.45,2296600,LESL
2022-09-26,14.87,15.23,14.41,14.57,13478900,LESL
2022-09-27,14.71,14.98,13.63,14.25,43809000,LESL
2022-09-28,14.2,15.11,14.175,15.07,3691800,LESL
2022-09-29,14.85,15.09,14.19,14.47,3371800,LESL
2022-09-30,14.3,15.075,13.951,14.71,3146800,LESL
2022-10-03,14.89,15.4,14.71,15.0,4205100,LESL
2022-10-04,15.07,15.6,14.94,15.37,2711100,LESL
2022-10-05,15.11,15.32,14.855,15.06,2520700,LESL
2022-10-06,15.11,15.5,14.98,15.05,2432300,LESL
2022-10-07,14.75,14.86,14.47,14.62,2064300,LESL
2022-10-10,14.72,14.825,14.39,14.51,1792700,LESL
2022-10-11,14.46,15.12,14.36,14.77,2072900,LESL
2022-10-12,14.81,14.81,14.3,14.4,1725600,LESL
2022-10-13,14.17,14.37,13.5,14.17,2324800,LESL
2022-10-14,14.3,14.42,13.72,13.77,1511700,LESL
2022-10-17,14.08,14.24,13.855,13.9,3353400,LESL
2022-10-18,14.24,14.6,13.99,14.44,2463000,LESL
2022-10-19,14.19,14.255,13.25,13.7,3033000,LESL
2022-10-20,13.63,14.105,12.87,13.02,4181500,LESL
2022-10-21,13.08,13.4,12.87,13.38,2831600,LESL
2022-10-24,13.51,13.855,13.17,13.8,2291200,LESL
2022-10-25,13.9,14.655,13.9,14.57,2331100,LESL
2022-10-26,14.49,14.92,14.28,14.3,2415700,LESL
2022-10-27,14.4,14.585,14.055,14.18,2252400,LESL
2022-10-28,14.17,14.505,13.9,14.41,1847400,LESL
2022-10-31,14.34,14.49,13.96,14.04,1977300,LESL
2022-11-01,14.32,14.45,14.005,14.29,2197500,LESL
2022-11-02,14.24,14.24,13.27,13.28,2734300,LESL
2022-11-03,13.09,13.215,12.79,12.99,3446700,LESL
2022-11-04,13.22,13.45,12.89,13.44,3211100,LESL
2022-11-07,13.61,14.27,13.55,13.9,3868800,LESL
2022-11-08,13.98,14.435,13.685,14.23,3096900,LESL
2022-11-09,14.19,14.335,13.63,14.05,2660300,LESL
2022-11-10,14.75,15.575,14.75,15.53,3265700,LESL
2022-11-11,15.68,16.82,15.45,16.450001,4074400,LESL
2022-11-14,16.34,16.67,16.200001,16.34,3518600,LESL
2022-11-15,15.59,16.555,15.59,16.299999,3767000,LESL
2022-11-16,16.030001,16.305,15.76,16.18,2505500,LESL
2022-11-17,15.86,15.94,15.1,15.42,2468200,LESL
2022-11-18,15.64,15.91,15.21,15.32,2797700,LESL
2022-11-21,15.17,15.46,14.967,15.46,2230500,LESL
2022-11-22,15.51,15.87,15.41,15.56,1829500,LESL
2022-11-23,15.6,15.82,15.29,15.42,1716300,LESL
2022-11-25,15.27,15.49,15.23,15.25,906000,LESL
2022-11-28,15.1,15.325,14.53,14.57,3393500,LESL
2022-11-29,14.45,15.115,14.45,15.06,3730300,LESL
2022-11-30,13.82,15.23,13.56,14.6,9298200,LESL
2022-12-01,14.19,14.64,13.96,14.15,6529700,LESL
2022-12-02,14.07,14.255,13.83,13.85,3484900,LESL
2022-12-05,13.79,13.82,13.14,13.26,3666500,LESL
2022-12-06,13.22,13.37,12.72,12.84,4142500,LESL
2022-12-07,12.71,12.905,12.295,12.39,3409300,LESL
2022-12-08,12.44,12.895,12.32,12.74,2988700,LESL
2022-12-09,11.63,12.22,11.43,12.1,12490500,LESL
2022-12-12,12.17,12.35,11.885,12.34,4154200,LESL
2022-12-13,12.82,13.0,12.15,12.23,3759600,LESL
2022-12-14,12.08,12.34,11.93,12.12,5424700,LESL
2022-12-15,11.92,12.065,11.85,12.04,4399900,LESL
2022-12-16,11.92,12.165,11.885,12.08,4136400,LESL
2022-12-19,12.18,12.39,11.98,12.03,4146500,LESL
2022-12-20,11.95,12.255,11.911,12.0,3116500,LESL
2022-12-21,12.18,12.45,12.1,12.17,2984000,LESL
2022-12-22,12.02,12.13,11.87,12.08,2512900,LESL
2022-12-23,11.99,12.265,11.99,12.25,1984200,LESL
2022-12-27,12.26,12.39,12.09,12.19,3384400,LESL
2022-12-28,12.17,12.318,11.96,12.0,2739400,LESL
2022-12-29,12.13,12.316,11.99,12.08,1901500,LESL
2022-12-30,11.91,12.305,11.86,12.21,3609800,LESL
